,id,timestamp,latitude,longitude
0,Ajay,2020-07-20 12:05:10,19.8238351,70.531291
1,Ajay,2020-07-08 16:23:10,12.2925397,77.1381079
2,Ajay,2020-07-20 13:29:33,18.846792,71.5389843
3,Ajay,2020-07-25 11:02:32,10.3599053,75.654463
4,Ajay,2020-07-11 02:22:37,12.7256969,73.5686896
5,Ajay,2020-07-15 03:43:37,19.3462446,72.8862528
6,Ajay,2020-07-25 12:26:33,16.0556889,77.2440184
7,Ajay,2020-07-08 08:15:46,13.598462,74.1034945
8,Ajay,2020-07-12 21:41:52,16.3473894,77.0545769
9,Ajay,2020-07-28 10:14:45,18.9078408,76.4828719
10,Ajay,2020-07-22 16:17:57,13.6344896,76.7412909
11,Ajay,2020-07-04 00:14:57,15.3964006,70.1020414
12,Ajay,2020-07-21 15:21:29,18.799336,79.771801
13,Ajay,2020-07-03 10:29:58,11.4664538,74.8977297
14,Ajay,2020-07-28 09:13:06,14.6542578,79.8376071
15,Ajay,2020-07-30 14:51:04,17.6134421,72.6379495
16,Ajay,2020-07-18 13:34:29,17.5190319,75.3402968
17,Ajay,2020-07-26 18:45:34,12.898661,77.4035579
18,Ajay,2020-07-19 06:11:17,11.8871631,79.0049916
19,Ajay,2020-07-22 19:39:53,16.0890559,72.6745667
20,Ajay,2020-07-04 08:31:57,14.6681971,75.0509879
21,Ajay,2020-07-22 17:38:31,16.619,79.5486497
22,Ajay,2020-07-07 17:04:23,14.6403071,72.1950499
23,Ajay,2020-07-26 01:54:50,19.0772772,77.5763428
24,Ajay,2020-07-26 08:38:55,19.3075129,77.3989164
25,Ajay,2020-07-01 10:33:05,15.2443287,71.8124925
26,Ajay,2020-07-08 18:51:13,14.243079,72.6140861
27,Ajay,2020-07-19 16:49:45,19.1195612,76.8842782
28,Ajay,2020-07-06 16:44:03,17.0276952,77.8353288
29,Ajay,2020-07-17 22:12:24,15.2666394,79.5001258
30,Ajay,2020-07-27 21:11:06,10.1607082,76.7483509
31,carlos,2020-07-15 01:16:31,15.7233393,72.5031227
32,carlos,2020-07-02 16:18:25,19.0945896,77.1904439
33,carlos,2020-07-29 23:51:30,16.0012753,72.5295015
34,carlos,2020-07-03 01:05:22,13.8620144,77.1488117
35,carlos,2020-07-12 23:38:35,19.2828137,77.0910609
36,carlos,2020-07-28 17:14:51,14.3403597,76.0487042
37,carlos,2020-07-17 07:11:09,11.2515122,79.8599882
38,carlos,2020-07-27 01:26:44,15.1271114,77.6910303
39,carlos,2020-07-12 10:26:26,19.4220062,73.6592765
40,carlos,2020-07-27 05:25:39,18.4919961,73.2009834
41,carlos,2020-07-05 01:23:28,10.6771843,73.1569517
42,carlos,2020-07-26 02:02:03,12.5026887,73.0354692
43,carlos,2020-07-19 23:06:49,19.81398,71.4723824
44,carlos,2020-07-19 23:03:03,19.875614,70.300432
45,carlos,2020-07-09 11:46:44,15.596654,74.1480468
46,carlos,2020-07-02 16:52:14,16.7004661,75.2666595
47,carlos,2020-07-08 05:24:45,19.6441728,73.7482423
48,carlos,2020-07-14 11:30:06,18.7853155,75.1715226
49,carlos,2020-07-20 21:37:34,16.1513442,73.1561737
50,carlos,2020-07-15 03:05:02,13.9216126,78.718067
51,carlos,2020-07-25 03:56:35,16.8253303,77.4567943
52,carlos,2020-07-28 19:04:21,11.5471817,74.2542551
53,carlos,2020-07-24 21:35:44,11.6404226,74.4742791
54,carlos,2020-07-24 04:43:35,10.1594718,77.4641244
55,carlos,2020-07-16 01:33:26,13.7145067,73.3910766
56,carlos,2020-07-22 03:59:05,15.0267588,78.7476522
57,carlos,2020-07-19 15:38:47,18.1451937,77.914393
58,carlos,2020-07-03 07:39:37,15.9425807,75.9591533
59,carlos,2020-07-25 19:44:21,15.6056588,73.8530958
60,carlos,2020-07-20 16:49:32,12.3185646,71.8230162
61,carlos,2020-07-19 17:28:57,13.170265,79.9296851
62,carlos,2020-07-24 05:27:12,10.5387059,76.0469281
63,carlos,2020-07-27 20:41:25,13.1428438,75.519344
64,carlos,2020-07-20 20:26:54,12.4774218,73.6317085
65,carlos,2020-07-21 08:46:29,10.6231965,74.9874456
66,Messi,2020-07-30 06:29:45,17.0913787,75.396905
67,Messi,2020-07-15 16:23:57,16.8236046,77.1993709
68,Messi,2020-07-22 17:17:04,10.9365389,78.1605459
69,Messi,2020-07-14 05:39:14,11.5030603,72.3116775
70,Messi,2020-07-27 15:35:52,10.943781,79.6300493
71,Messi,2020-07-15 13:39:03,16.1772496,72.4718466
72,Messi,2020-07-07 12:04:20,14.9280442,72.3466774
73,Messi,2020-07-29 08:21:21,15.0021604,79.5428347
74,Messi,2020-07-09 07:22:17,15.3235788,78.9348874
75,Messi,2020-07-07 04:05:47,15.3427024,74.2435745
76,Messi,2020-07-05 23:53:47,12.0123592,72.5032254
77,Messi,2020-07-30 00:57:43,12.4909248,79.5238684
78,Messi,2020-07-16 23:32:34,12.7759076,70.57454
79,Messi,2020-07-21 02:48:00,16.4799959,70.6814345
80,Messi,2020-07-21 11:27:17,10.0104916,71.0011024
81,Messi,2020-07-22 14:11:09,19.801919,74.1065664
82,Messi,2020-07-10 14:06:25,16.1603111,71.224109
83,Messi,2020-07-21 22:01:37,18.8450576,79.204695
84,Messi,2020-07-16 16:57:42,15.8102364,73.4755542
85,Messi,2020-07-07 09:07:06,19.5380905,79.3335655
86,Messi,2020-07-20 21:54:09,17.3445421,76.4498382
87,Messi,2020-07-17 18:16:24,17.744016,75.2691369
88,Messi,2020-07-22 16:35:06,10.0425141,70.5096488
89,Messi,2020-07-21 07:00:13,19.9581947,75.7514502
90,Messi,2020-07-24 10:20:55,15.2024298,79.6358695
91,Messi,2020-07-16 13:19:46,19.1729623,74.9121673
92,Messi,2020-07-10 16:04:51,19.2854182,73.8315123
93,Messi,2020-07-30 07:19:33,12.2632319,72.2973911
94,Messi,2020-07-20 08:43:12,18.6500107,73.4604495
95,Messi,2020-07-18 07:38:46,14.9551453,77.2365194
96,Messi,2020-07-16 12:18:17,11.3438669,70.7759557
97,Messi,2020-07-05 15:22:55,17.3645516,73.142035
98,Messi,2020-07-04 01:40:51,15.9289704,77.3529071
99,Messi,2020-07-06 22:29:02,12.7856317,75.0610247
100,Messi,2020-07-25 05:39:15,17.3497247,70.900038
101,Messi,2020-07-16 12:01:47,13.0630424,73.7699877
102,Messi,2020-07-05 21:19:44,10.5015208,77.7316532
103,Messi,2020-07-01 05:16:45,15.0419748,77.1830763
104,Messi,2020-07-20 13:00:07,19.4504284,76.8844023
105,Messi,2020-07-01 15:04:12,15.2307003,70.3868684
106,Messi,2020-07-15 07:18:48,14.8407701,79.2855567
107,Messi,2020-07-07 08:41:47,12.093062,74.1183514
108,Messi,2020-07-19 02:19:41,18.1893634,78.5898001
109,Messi,2020-07-25 11:00:17,10.5237291,78.7870567
110,Messi,2020-07-13 17:14:39,14.8854302,75.5914129
111,Messi,2020-07-20 14:03:39,12.4506157,73.0872133
112,Messi,2020-07-04 14:19:51,15.8087424,76.7947481
113,Dyabala,2020-07-08 20:57:31,17.2983878,78.5783508
114,Dyabala,2020-07-07 18:49:10,11.1089877,72.8817713
115,Dyabala,2020-07-28 01:23:24,13.2489172,78.7703133
116,Dyabala,2020-07-10 07:06:06,11.7838734,72.7963593
117,Dyabala,2020-07-24 09:27:50,11.125842,73.3899027
118,Dyabala,2020-07-16 04:50:07,19.3383936,71.2127642
119,Dyabala,2020-07-01 01:23:41,15.5318703,75.8968439
120,Dyabala,2020-07-19 03:58:56,11.100684,72.5136749
121,Dyabala,2020-07-16 02:11:58,19.1739174,70.6161094
122,Dyabala,2020-07-24 06:16:54,18.2252106,75.0428984
123,Dyabala,2020-07-19 15:29:51,19.4347276,75.3773124
124,Dyabala,2020-07-03 14:39:55,12.2526478,76.2505335
125,Dyabala,2020-07-17 21:19:19,19.6689249,74.3927073
126,Dyabala,2020-07-13 09:07:42,14.4595278,79.6923128
127,Dyabala,2020-07-22 03:30:08,12.0188414,73.7956416
128,Dyabala,2020-07-15 16:10:44,19.7556764,74.9677992
129,Dyabala,2020-07-22 17:32:39,17.8926397,71.7528219
130,Dyabala,2020-07-24 15:18:41,19.5053573,76.7207416
131,Dyabala,2020-07-28 07:58:09,16.0508934,73.8941389
132,Dyabala,2020-07-02 03:26:21,18.1735285,72.7184767
133,Dyabala,2020-07-02 15:54:08,13.6437438,77.2965383
134,Dyabala,2020-07-26 02:42:33,11.0674893,79.5252399
135,Dyabala,2020-07-09 21:14:04,17.4324239,79.7155712
136,Dyabala,2020-07-06 12:04:01,14.9638985,77.909526
137,Dyabala,2020-07-02 02:58:55,16.8055471,73.9071337
138,Dyabala,2020-07-19 07:12:07,12.9248729,71.4552309
139,Dyabala,2020-07-09 01:57:01,19.2136047,72.8396627
140,Dyabala,2020-07-27 09:24:20,16.5964547,77.5738413
141,Dyabala,2020-07-02 22:49:20,12.3356759,78.4505926
142,Dyabala,2020-07-29 19:46:47,18.4541545,75.3141951
143,Dyabala,2020-07-08 23:52:42,16.6611206,70.4188541
144,Dyabala,2020-07-27 00:55:19,14.6203737,76.5472662
145,Dyabala,2020-07-17 23:05:30,13.4066716,76.9211191
146,Dyabala,2020-07-11 11:51:17,15.9371467,77.6978491
147,Dyabala,2020-07-27 20:18:52,18.2035839,73.6488362
148,Dyabala,2020-07-05 10:25:54,12.1730334,70.5063553
149,Dyabala,2020-07-15 05:14:49,11.7307517,79.8379148
150,E.ten.stegen,2020-07-13 23:37:43,15.0514935,76.7331765
151,E.ten.stegen,2020-07-29 11:24:15,19.9160333,76.3588089
152,E.ten.stegen,2020-07-07 15:02:55,15.8264903,73.7394495
153,E.ten.stegen,2020-07-20 09:54:42,15.0275588,77.6970087
154,E.ten.stegen,2020-07-04 16:08:26,13.6338586,73.2755027
155,E.ten.stegen,2020-07-06 05:39:25,12.117785,71.5794572
156,E.ten.stegen,2020-07-11 14:27:18,12.0425734,73.4971937
157,E.ten.stegen,2020-07-24 01:34:15,12.4790268,77.8503136
158,E.ten.stegen,2020-07-29 07:54:11,10.6807289,78.8659316
159,E.ten.stegen,2020-07-19 12:48:36,13.7764018,74.7617633
160,E.ten.stegen,2020-07-11 14:53:35,10.1654163,78.5907499
161,E.ten.stegen,2020-07-10 07:45:18,18.6841225,74.8374984
162,E.ten.stegen,2020-07-07 07:16:58,16.4445214,70.0503294
163,E.ten.stegen,2020-07-11 04:26:26,18.4159338,74.5690515
164,E.ten.stegen,2020-07-22 17:19:49,19.2509318,73.2295736
165,E.ten.stegen,2020-07-19 20:25:47,17.4839593,78.6074047
166,E.ten.stegen,2020-07-16 20:56:06,19.7288851,70.2730626
167,E.ten.stegen,2020-07-14 16:07:21,16.4124725,79.4696791
168,E.ten.stegen,2020-07-13 11:15:30,12.9466712,78.7533074
169,E.ten.stegen,2020-07-04 04:49:01,11.0906212,70.7563436
170,E.ten.stegen,2020-07-28 06:05:10,11.3782863,70.2070641
171,E.ten.stegen,2020-07-27 23:33:32,16.6688752,73.3975642
172,E.ten.stegen,2020-07-07 21:58:20,17.3156473,78.6646542
173,E.ten.stegen,2020-07-09 13:53:31,16.5876695,70.95395
174,E.ten.stegen,2020-07-11 03:43:00,19.7039745,76.6801707
175,E.ten.stegen,2020-07-02 00:21:23,17.2309367,79.2830133
176,E.ten.stegen,2020-07-09 16:03:29,19.5351203,72.8905317
177,E.ten.stegen,2020-07-20 03:57:23,17.9735845,73.0463486
178,E.ten.stegen,2020-07-02 05:46:23,15.4415227,79.388759
179,E.ten.stegen,2020-07-13 19:21:49,15.0703051,73.4657767
180,E.ten.stegen,2020-07-14 07:30:46,13.9852323,78.0817032
181,E.ten.stegen,2020-07-08 09:51:45,16.3191959,77.1967897
182,E.ten.stegen,2020-07-10 08:48:41,13.8251032,71.4739091
183,E.ten.stegen,2020-07-17 23:19:24,13.7866264,75.2607079
184,E.ten.stegen,2020-07-25 03:28:47,16.8951797,73.8955091
185,E.ten.stegen,2020-07-24 08:55:54,13.4457424,73.3177159
186,E.ten.stegen,2020-07-28 13:42:38,12.0508444,73.4494009
187,E.ten.stegen,2020-07-03 08:06:54,16.7135945,74.7451745
188,E.ten.stegen,2020-07-10 12:40:00,14.6136978,74.212244
189,E.ten.stegen,2020-07-17 01:46:49,11.6111342,77.6797665
190,E.ten.stegen,2020-07-28 23:01:27,12.9349202,70.017157
191,E.ten.stegen,2020-07-21 21:41:57,14.1524961,75.2110043
192,E.ten.stegen,2020-07-20 18:17:14,17.1480885,74.9054568
193,E.ten.stegen,2020-07-06 02:05:26,12.8819566,76.994599
194,E.ten.stegen,2020-07-02 05:17:20,18.1549951,71.7109807
195,E.ten.stegen,2020-07-20 23:12:19,17.5202044,74.8007648
196,E.ten.stegen,2020-07-04 22:51:31,11.2124778,72.6842637
197,E.ten.stegen,2020-07-24 08:11:37,10.8393591,78.8815555
198,E.ten.stegen,2020-07-21 06:02:33,10.6251952,72.7093058
199,kunde,2020-07-20 00:27:53,17.7949631,72.4739134
200,kunde,2020-07-09 02:57:27,13.8865549,70.8833635
201,kunde,2020-07-19 09:10:20,13.1234687,78.5329655
202,kunde,2020-07-24 00:15:58,16.1007729,78.6832494
203,kunde,2020-07-18 00:31:44,13.6614483,70.527898
204,kunde,2020-07-14 03:37:13,17.8012008,73.4444311
205,kunde,2020-07-09 09:11:53,11.5611737,79.9363727
206,kunde,2020-07-12 01:09:07,14.9966796,71.3976856
207,kunde,2020-07-17 21:40:45,15.9251259,75.6351619
208,kunde,2020-07-19 00:04:56,10.8914459,71.1473831
209,kunde,2020-07-16 12:49:29,17.2330082,72.6180794
210,kunde,2020-07-04 22:38:01,12.4572574,73.3083746
211,kunde,2020-07-26 22:44:02,11.0404951,71.1817593
212,kunde,2020-07-09 21:48:10,10.6154935,79.1737964
213,kunde,2020-07-03 21:26:47,10.3941331,78.1585544
214,kunde,2020-07-12 05:43:14,15.9205648,75.202732
215,kunde,2020-07-06 18:34:36,11.7871429,77.8187609
216,kunde,2020-07-26 16:54:16,12.3388664,75.814021
217,kunde,2020-07-24 21:54:57,16.479851,74.9913652
218,kunde,2020-07-09 07:57:12,14.3274831,78.9671461
219,kunde,2020-07-23 21:51:30,16.7816374,73.7837592
220,kunde,2020-07-23 13:40:39,14.8525446,76.3206982
221,kunde,2020-07-28 19:04:59,18.4285726,78.2609077
222,kunde,2020-07-08 23:16:24,18.2685183,78.5052845
223,kunde,2020-07-18 19:02:00,16.8744935,76.2043284
224,kunde,2020-07-11 21:47:13,10.0035054,77.6285537
225,kunde,2020-07-30 08:22:18,16.909849,76.1472381
226,kunde,2020-07-22 19:01:58,10.0746507,77.4141197
227,kunde,2020-07-03 04:48:27,17.4718521,76.5790672
228,kunde,2020-07-19 15:00:36,10.4010877,77.3614455
229,kunde,2020-07-22 03:10:52,12.2481097,71.8229824
230,kunde,2020-07-29 01:33:18,12.0115884,74.7925842
231,kunde,2020-07-19 08:18:51,19.7215671,74.0773392
232,kunde,2020-07-13 11:22:43,10.291155,73.0470731
233,kunde,2020-07-01 02:37:54,18.2133498,73.1807719
234,kunde,2020-07-03 20:00:04,17.2544421,78.1868945
235,kunde,2020-07-19 22:14:25,10.2660273,76.8410536
236,kunde,2020-07-15 04:01:31,10.8206248,72.9098661
237,kunde,2020-07-14 11:18:04,16.4041573,71.983321
238,kunde,2020-07-23 04:07:52,10.0551055,71.0563039
239,kunde,2020-07-24 10:12:49,13.2536941,72.6177428
240,kunde,2020-07-04 06:47:04,11.5959182,70.4384435
241,Gavi,2020-07-17 03:56:40,18.0662215,72.2245769
242,Gavi,2020-07-11 23:19:24,14.469295,73.7228858
243,Gavi,2020-07-10 06:01:35,15.9802998,78.6111105
244,Gavi,2020-07-29 19:05:03,19.5177242,75.2977439
245,Gavi,2020-07-23 13:46:33,11.2512665,73.4207736
246,Gavi,2020-07-27 21:18:28,18.3975724,71.2517723
247,Gavi,2020-06-30 23:22:56,19.2731355,70.8770466
248,Gavi,2020-07-03 12:58:06,10.0035747,76.4987292
249,Gavi,2020-07-02 21:48:35,12.8765577,72.62766
250,Gavi,2020-07-15 07:35:16,12.6783135,76.8327096
251,Gavi,2020-07-16 03:33:34,14.9090735,73.4368005
252,Gavi,2020-07-20 21:57:50,15.3018218,78.3735187
253,Gavi,2020-07-30 17:37:59,13.0396921,76.2660372
254,Gavi,2020-07-28 19:46:35,15.0039193,73.4628525
255,Gavi,2020-07-24 16:04:34,11.8841081,77.0818246
256,Gavi,2020-07-18 07:52:33,15.8702986,76.8271785
257,Gavi,2020-07-29 07:07:19,18.4958397,71.2971435
258,Gavi,2020-07-14 19:20:11,11.4527104,73.3904857
259,Gavi,2020-07-07 20:03:20,12.4499402,70.5567487
260,Gavi,2020-07-16 10:29:06,17.0892988,77.6660841
261,Gavi,2020-07-22 22:25:17,15.8568698,78.8433165
262,Gavi,2020-07-17 20:40:23,18.3228009,72.7736729
263,Gavi,2020-07-17 04:12:50,17.3412125,74.8440328
264,Gavi,2020-07-27 23:12:35,13.2247161,74.2849955
265,Gavi,2020-07-04 04:33:47,15.8988511,77.8616607
266,Gavi,2020-07-21 21:53:41,12.6187283,74.3532097
267,Gavi,2020-07-05 03:47:54,16.5167842,70.8874434
268,Gavi,2020-07-06 17:29:22,14.1829451,75.2666654
269,Gavi,2020-07-19 01:53:04,18.9347187,70.4870713
270,Gavi,2020-07-06 00:07:58,16.8659543,78.7587302
271,Gavi,2020-07-06 10:51:39,16.3524517,72.5090457
272,Gavi,2020-07-10 10:36:34,14.6356317,73.0012413
273,Gavi,2020-07-25 22:34:46,19.6837726,78.7608658
274,Asu fati,2020-07-28 18:01:07,14.8548161,79.3177947
275,Asu fati,2020-07-22 15:42:06,10.0609831,79.5930796
276,Asu fati,2020-07-15 04:13:34,18.9386527,75.1676985
277,Asu fati,2020-07-24 16:45:42,12.6798532,79.6055061
278,Asu fati,2020-07-11 08:15:54,16.7101894,78.5846379
279,Asu fati,2020-07-25 07:49:06,14.9892193,76.8575274
280,Asu fati,2020-07-10 21:19:45,12.3037002,74.0520739
281,Asu fati,2020-07-09 04:08:23,13.8209086,74.509694
282,Asu fati,2020-07-29 03:27:30,10.6176624,75.7864706
283,Asu fati,2020-07-23 15:05:20,19.9751204,71.9826751
284,Asu fati,2020-07-02 21:03:35,11.5870165,73.3972629
285,Asu fati,2020-07-02 05:07:13,13.2914507,70.8569093
286,Asu fati,2020-07-01 06:30:11,14.832875,71.8921827
287,Asu fati,2020-07-12 07:07:04,12.5908903,74.0795615
288,Asu fati,2020-07-20 05:24:01,12.5767814,75.8207044
289,Asu fati,2020-07-23 09:54:36,14.0597785,71.0060274
290,Asu fati,2020-07-24 10:36:28,19.1076422,78.5934989
291,Asu fati,2020-07-17 12:45:13,15.1468182,78.3079098
292,Asu fati,2020-07-14 14:10:47,13.1573946,79.0463536
293,Asu fati,2020-07-14 21:29:50,10.8859003,74.5809445
294,Asu fati,2020-07-07 11:02:36,18.2852147,74.0661132
295,Asu fati,2020-07-20 10:28:10,10.1078027,75.5573549
296,Asu fati,2020-07-14 01:11:09,19.156799,79.6124811
297,Asu fati,2020-07-28 05:00:57,13.0558067,77.8399525
298,Asu fati,2020-07-06 20:54:48,19.4224492,77.3702717
299,Asu fati,2020-07-05 07:03:43,11.4017861,70.2383406
300,Asu fati,2020-07-08 13:00:05,19.5539335,70.6040466
301,Asu fati,2020-07-15 06:28:08,18.892343,70.7589444
302,Asu fati,2020-07-12 00:10:39,17.9361595,74.2463609
303,Asu fati,2020-07-19 11:21:14,19.0568876,70.6485398
304,Asu fati,2020-07-11 08:15:59,11.8038312,75.1409853
305,Asu fati,2020-07-03 22:22:10,18.1635731,75.6025088
306,Asu fati,2020-07-29 16:22:41,18.9317942,73.2602077
307,Asu fati,2020-06-30 19:37:17,12.5734687,72.0160955
308,Asu fati,2020-07-30 03:49:40,18.778286,76.8625959
309,Asu fati,2020-07-08 12:27:12,14.31967,72.8827625
310,Asu fati,2020-07-11 09:37:00,17.6417386,77.9888413
311,Asu fati,2020-07-23 14:52:26,14.283366,74.8850446
312,Asu fati,2020-07-12 01:25:03,16.1866033,75.5131116
313,Asu fati,2020-07-03 16:06:03,11.5181339,76.7298921
314,Asu fati,2020-07-19 19:44:29,12.0884303,70.3775659
315,Asu fati,2020-07-02 22:54:27,13.8977942,79.9519957
316,Jude,2020-07-20 04:39:17,17.9171919,73.6250985
317,Jude,2020-07-18 11:23:24,13.5336524,78.3629865
318,Jude,2020-07-02 02:20:12,10.4021729,77.6983293
319,Jude,2020-07-14 13:55:53,13.3343473,71.1991592
320,Jude,2020-07-29 13:31:41,16.7059589,78.433916
321,Jude,2020-07-18 16:26:38,19.4275121,76.0170695
322,Jude,2020-07-27 16:11:52,16.7467428,71.0836704
323,Jude,2020-07-13 17:18:21,13.9331941,71.3612256
324,Jude,2020-07-17 17:00:22,11.279639,70.8672939
325,Jude,2020-07-16 15:48:29,15.7019171,73.5752522
326,Jude,2020-07-23 18:21:33,18.7848821,78.8470388
327,Jude,2020-07-10 19:48:37,18.9823965,78.4830993
328,Jude,2020-07-04 11:24:49,13.2397696,76.5451829
329,Jude,2020-07-15 07:10:42,11.7146311,72.1831479
330,Jude,2020-07-22 12:11:40,12.8431999,77.1735935
331,Jude,2020-07-07 21:29:10,10.8160983,77.9261078
332,Jude,2020-07-21 02:37:16,10.6120106,71.3632972
333,Jude,2020-07-24 22:07:03,19.3633791,77.0604855
334,Jude,2020-07-29 07:42:30,17.9810281,73.4531449
335,Jude,2020-07-25 13:58:57,12.3974761,79.8923212
336,Jude,2020-07-03 15:41:35,11.8630904,79.1530874
337,Jude,2020-07-22 08:54:53,18.6963759,72.037979
338,Jude,2020-07-17 21:24:29,17.4583852,79.9744093
339,Jude,2020-07-20 05:45:16,17.7928962,75.1459905
340,Haaland,2020-07-30 01:53:24,17.5111685,78.4884967
341,Haaland,2020-07-20 21:29:16,10.8470866,70.6868885
342,Haaland,2020-07-24 05:55:20,17.970586,76.8169663
343,Haaland,2020-07-16 11:55:57,10.885897,74.4121566
344,Haaland,2020-07-04 17:28:16,15.4042903,70.7146649
345,Haaland,2020-07-16 11:05:32,10.2913627,72.8599564
346,Haaland,2020-07-14 01:35:16,10.0184045,74.2942584
347,Haaland,2020-07-24 23:49:14,15.0228829,79.7555845
348,Haaland,2020-07-10 07:49:28,18.2956515,74.7455481
349,Haaland,2020-07-15 14:52:06,12.9432989,74.4660995
350,Haaland,2020-07-26 11:48:05,10.4562932,71.7321852
351,Haaland,2020-07-05 19:12:19,13.2658656,79.0019288
352,Haaland,2020-07-16 17:12:11,18.0407008,73.44293
353,Haaland,2020-07-23 02:55:31,11.6898552,73.1712314
354,Haaland,2020-07-18 13:35:56,13.7723844,78.6473683
355,Haaland,2020-07-30 11:46:50,19.6176677,71.6968986
356,Haaland,2020-07-02 22:40:57,14.7166626,78.5611443
357,Haaland,2020-07-17 13:44:28,13.2722625,71.2314193
358,Haaland,2020-07-24 11:41:27,11.9950364,74.3157068
359,Haaland,2020-07-11 01:35:13,19.8323688,75.6864272
360,Haaland,2020-07-25 04:49:36,17.2368446,73.3595159
361,Haaland,2020-07-22 15:37:56,11.5232799,71.4757245
362,Haaland,2020-07-07 19:26:03,10.2328213,76.79469
363,Haaland,2020-07-07 02:02:48,12.1804141,77.9504259
364,Haaland,2020-07-06 22:05:20,15.4703137,78.3828277
365,Haaland,2020-07-27 17:20:53,17.5412006,74.9869847
366,Haaland,2020-07-25 11:42:53,12.8697126,76.3297925
367,Haaland,2020-07-07 14:16:40,19.05212,76.257734
368,Haaland,2020-07-02 05:59:01,13.6981192,75.8543758
369,Haaland,2020-07-29 17:57:05,13.3250119,73.6648678
370,Haaland,2020-07-19 09:07:02,11.9373552,75.8125755
371,Haaland,2020-07-21 20:24:25,15.0946143,70.1174287
372,Haaland,2020-07-17 00:29:16,17.686304,79.7728326
373,Haaland,2020-07-09 21:47:36,13.2832396,70.3594255
374,Haaland,2020-07-28 16:08:55,14.3329626,77.8481678
375,Haaland,2020-07-26 22:09:18,19.8552459,73.2931877
376,Haaland,2020-07-13 06:41:48,10.1442538,79.8929664
377,Haaland,2020-07-27 04:15:51,19.7737189,76.0218818
378,torres,2020-07-20 00:24:32,12.8936714,71.2026331
379,torres,2020-07-15 15:05:40,10.9600452,76.3740083
380,torres,2020-07-26 02:25:23,19.2038328,76.1279872
381,torres,2020-07-03 01:46:21,16.8916282,76.6253037
382,torres,2020-07-28 05:16:08,11.3627739,77.4508854
383,torres,2020-07-21 13:24:22,13.4622931,72.0128065
384,torres,2020-07-04 09:46:17,13.1362241,76.733371
385,torres,2020-07-08 01:20:50,15.2107554,74.2672626
386,torres,2020-07-24 07:43:27,13.716237,70.4448624
387,torres,2020-07-15 17:23:22,14.3280008,74.2660857
388,torres,2020-07-17 00:50:13,16.0812919,71.5130796
389,torres,2020-07-08 06:58:56,10.655885,72.7625237
390,torres,2020-07-06 15:40:53,11.1387153,72.5865768
391,torres,2020-07-26 07:54:11,16.4410084,77.1229253
392,torres,2020-07-28 13:23:43,14.6423114,71.6730387
393,torres,2020-07-16 21:57:16,12.1314792,74.7512749
394,torres,2020-07-25 22:54:56,14.0742874,70.0101324
395,torres,2020-07-23 01:40:22,16.7757487,73.7854939
396,torres,2020-07-06 15:59:27,12.5873953,79.2733222
397,torres,2020-07-17 08:29:32,12.28889,76.6976437
398,torres,2020-07-13 17:05:24,18.3489818,78.1571521
399,torres,2020-07-29 21:16:13,13.260077,74.5575086
400,torres,2020-07-16 21:20:54,18.7329793,70.5466216
401,torres,2020-07-21 00:54:42,12.6990387,78.2533701
402,torres,2020-07-11 06:33:06,16.2051126,70.7898769
403,torres,2020-07-15 02:27:10,19.645472,77.1038286
404,torres,2020-07-02 10:32:22,15.7091032,74.7770743
405,torres,2020-07-12 06:45:14,12.1298881,70.8666209
406,torres,2020-07-20 09:03:15,13.105236,70.5805701
407,torres,2020-07-01 04:12:43,18.1337619,74.3498487
408,torres,2020-07-24 02:58:29,10.6317076,78.2955731
409,Banckerbaur,2020-07-25 23:10:27,12.2692973,79.6725901
410,Banckerbaur,2020-07-24 11:07:11,12.4227893,74.8887619
411,Banckerbaur,2020-07-26 11:27:40,18.2478809,76.2667831
412,Banckerbaur,2020-07-02 21:02:13,12.6027723,74.1672739
413,Banckerbaur,2020-07-07 17:24:53,16.1389448,75.1989889
414,Banckerbaur,2020-07-14 21:34:24,16.9797721,78.0732636
415,Banckerbaur,2020-07-19 11:16:47,16.3891363,78.0215575
416,Banckerbaur,2020-07-14 05:31:40,18.1045746,73.9190068
417,Banckerbaur,2020-07-12 02:19:10,11.9984469,76.6966979
418,Banckerbaur,2020-07-08 02:41:54,15.538204,71.2899671
419,Banckerbaur,2020-07-07 09:20:17,14.1534126,70.7267286
420,Banckerbaur,2020-07-27 14:00:16,15.2778914,72.8799996
421,Banckerbaur,2020-07-28 22:07:30,14.7714052,73.8748642
422,Banckerbaur,2020-07-02 21:58:16,16.7682515,74.9489924
423,Banckerbaur,2020-07-11 01:28:04,13.5548404,71.1945091
424,Banckerbaur,2020-07-18 15:05:23,15.1719223,77.6761127
425,Banckerbaur,2020-07-09 17:31:51,17.0068677,71.1133025
426,Banckerbaur,2020-07-29 20:09:23,13.4847777,79.7324921
427,Banckerbaur,2020-07-14 11:03:06,15.5833175,71.1080374
428,Banckerbaur,2020-07-07 16:08:48,16.7947732,77.5443236
429,Banckerbaur,2020-07-02 11:40:34,19.3298783,79.6280477
430,Banckerbaur,2020-07-07 13:12:03,12.2095515,74.2498372
431,Banckerbaur,2020-07-22 10:44:41,16.9875618,71.5569068
432,Banckerbaur,2020-07-22 05:07:09,11.5911447,73.6067609
433,Banckerbaur,2020-07-23 15:21:07,16.0345066,75.8936782
434,Banckerbaur,2020-07-21 18:22:32,14.9016703,78.9436918
435,Banckerbaur,2020-07-30 13:33:04,19.1174306,71.0393605
436,Banckerbaur,2020-07-16 00:21:49,13.2934128,70.7427577
437,Banckerbaur,2020-07-28 12:58:18,13.584756,75.4855269
438,Banckerbaur,2020-07-21 16:21:56,15.2878327,79.9430932
439,Banckerbaur,2020-07-26 04:57:48,14.7546359,70.9442695
440,Banckerbaur,2020-07-01 06:52:27,13.0386668,70.8927408
441,Banckerbaur,2020-07-04 01:07:07,15.7704152,79.7975658
442,Banckerbaur,2020-06-30 20:06:25,14.5858298,75.6248875
443,Banckerbaur,2020-07-18 13:21:22,19.467503,72.3483485
444,Rudigiier,2020-07-28 20:05:35,12.5105748,76.3047738
445,Rudigiier,2020-07-26 05:55:49,18.3683415,72.2395174
446,Rudigiier,2020-07-20 08:52:32,16.5036291,77.2273925
447,Rudigiier,2020-07-09 06:26:30,14.4497133,79.276015
448,Rudigiier,2020-07-16 18:57:14,16.8835883,78.403381
449,Rudigiier,2020-07-22 05:53:26,14.5647989,79.210392
450,Rudigiier,2020-07-03 00:18:10,11.0573914,71.8189204
451,Rudigiier,2020-07-21 12:21:18,11.5591011,71.2266814
452,Rudigiier,2020-07-13 17:14:44,16.4453293,79.2869466
453,Rudigiier,2020-07-21 12:42:28,16.0503168,78.0510616
454,Rudigiier,2020-07-05 08:42:24,12.6997026,72.5823445
455,Rudigiier,2020-07-07 02:45:44,16.5607356,73.0253866
456,Rudigiier,2020-07-16 21:14:22,17.4162999,72.8916263
457,Rudigiier,2020-07-26 08:42:36,10.5536438,77.6719829
458,Rudigiier,2020-07-19 22:07:34,19.3044581,73.0882302
459,Rudigiier,2020-07-24 11:16:50,12.3365302,76.3244906
460,Rudigiier,2020-07-05 02:54:55,17.6642583,70.1264135
461,Rudigiier,2020-07-21 03:10:26,15.5530906,77.6348054
462,Rudigiier,2020-07-05 01:09:02,18.4630778,72.5042178
463,Rudigiier,2020-07-10 13:05:24,14.6385099,78.2842225
464,Rudigiier,2020-07-27 17:42:07,18.6798978,75.3756551
465,Rudigiier,2020-07-10 17:48:23,17.6952436,75.3856394
466,Rudigiier,2020-07-27 00:39:25,12.275633,74.6077404
467,Rudigiier,2020-07-14 23:42:56,18.2840112,75.2976776
468,Rudigiier,2020-07-29 18:58:07,17.2103122,77.3852899
469,Rudigiier,2020-07-14 08:19:53,14.2211984,76.5397688
470,Rudigiier,2020-07-23 09:16:19,18.4693733,73.3968228
471,Rudigiier,2020-07-08 22:36:45,10.1504978,71.7002958
472,Rudigiier,2020-07-04 01:41:53,16.8191483,78.8314328
473,Rudigiier,2020-07-19 11:40:04,13.5751759,76.4610866
474,Rudigiier,2020-07-26 07:24:20,12.3679849,72.8468608
475,Rudigiier,2020-07-27 09:34:54,13.1644444,71.71698
476,Rudigiier,2020-07-20 14:44:21,18.9321769,75.6337173
477,Rudigiier,2020-07-01 06:04:04,16.3632908,75.1594697
478,Rudigiier,2020-07-16 14:56:47,10.0156216,76.4116234
479,Rudigiier,2020-07-07 18:59:17,17.2009412,73.549904
480,Rudigiier,2020-07-09 01:28:02,15.6387074,70.9427581
481,Rudigiier,2020-07-15 15:48:00,14.9930561,71.6032696
482,Rudigiier,2020-07-03 02:14:41,15.0273185,71.6314395
483,Rudigiier,2020-07-22 00:43:33,15.6920431,77.5204701
484,Rudigiier,2020-07-12 08:15:28,11.1425992,75.903172
485,D.paul,2020-07-30 01:07:41,13.2802817,78.3189647
486,D.paul,2020-07-29 05:27:02,11.9566416,73.8373367
487,D.paul,2020-07-25 22:26:06,16.3102783,77.5519958
488,D.paul,2020-07-22 02:53:42,15.4883327,70.5539179
489,maradona,2020-07-03 11:22:28,18.8853244,70.666219
490,maradona,2020-07-20 22:29:09,10.5727128,72.0857114
491,maradona,2020-07-03 11:45:26,19.199121,78.2449481
492,maradona,2020-07-20 03:01:19,10.8040161,71.2304304
493,maradona,2020-07-10 22:56:01,13.8315789,71.1685975
494,maradona,2020-07-10 02:09:16,16.1662872,72.9553716
495,maradona,2020-07-10 23:33:04,13.7494382,73.1048607
496,maradona,2020-07-25 10:08:55,11.9100686,71.8658492
497,Ronaldino,2020-06-30 19:32:17,17.7882584,72.9066501
498,Ronaldino,2020-07-27 06:03:57,16.3178869,76.1123225
499,Ronaldino,2020-07-11 06:29:54,13.2302022,77.0105988
500,Ronaldino,2020-07-19 04:59:49,12.8690731,73.0903808
501,Ronaldino,2020-07-26 12:46:38,13.8128752,78.2131569
502,Ronaldino,2020-07-02 15:08:16,14.4135186,72.9679095
503,Ronaldino,2020-07-16 03:23:30,17.1351046,75.1140129
504,Ronaldino,2020-07-14 19:49:29,13.3704556,70.4025788
505,Ronaldino,2020-07-12 07:28:11,14.6515439,74.7878744
506,Ronaldino,2020-07-21 23:27:30,15.9638655,76.1415391
507,Ronaldino,2020-07-11 21:49:32,10.3000883,74.706826
508,Ronaldino,2020-07-11 20:28:57,19.6091272,77.0129579
509,Ronaldino,2020-07-08 11:44:09,14.9082951,73.6371562
510,Ronaldino,2020-07-01 03:01:40,18.150989,73.0834052
511,Ronaldino,2020-07-26 14:13:55,13.3079929,70.4935906
512,Ronaldino,2020-07-27 17:47:31,16.7531857,74.1420136
513,Ronaldino,2020-07-13 05:45:50,14.6068236,75.8799734
514,Ronaldino,2020-07-13 15:59:40,19.9412689,77.0903512
515,Ronaldino,2020-07-18 19:49:33,18.0534479,76.3928119
516,Ronaldino,2020-07-24 09:19:25,12.6632313,75.7655907
517,Ronaldino,2020-07-24 21:18:44,17.6264866,70.9173402
518,Ronaldino,2020-07-16 22:44:55,11.4617292,75.0976122
519,Ronaldino,2020-07-14 20:52:34,12.6218981,76.5519986
520,Ronaldino,2020-07-14 18:14:36,17.5767173,78.5347518
521,Ronaldino,2020-07-09 23:58:42,10.152414,72.5466549
522,Ronaldino,2020-07-06 02:54:17,12.1491091,71.6284796
523,Ronaldino,2020-07-24 12:32:56,15.9381112,77.0708822
524,Ronaldino,2020-07-03 23:03:52,19.96043,76.3102013
525,Ronaldino,2020-07-10 01:18:03,19.1373287,76.6792671
526,Ronaldino,2020-07-04 03:14:25,10.0278362,77.0076921
527,Ronaldino,2020-07-22 08:19:27,17.8494914,73.9324765
528,Ronaldino,2020-07-25 05:37:29,19.869553,76.8546168
529,Ronaldino,2020-07-25 22:38:45,15.0637604,74.1994852
530,Ronaldino,2020-07-08 15:44:12,17.2834051,76.4433429
531,Ronaldino,2020-07-20 22:31:30,16.0754811,72.3312622
532,Ronaldino,2020-07-16 19:55:43,15.2901729,74.029161
533,Ronaldino,2020-07-20 21:01:10,12.147104,70.0350951
534,Ronaldino,2020-07-25 03:19:04,15.0843102,73.9506449
535,Ronaldino,2020-07-06 11:39:21,11.6579477,71.5535083
536,Ronaldino,2020-07-07 08:33:32,16.6866109,73.7825331
537,can,2020-07-06 02:15:36,10.2715353,72.4855607
538,can,2020-07-14 14:49:34,16.5190936,77.5605815
539,can,2020-07-23 07:01:32,16.111184,71.3950122
540,can,2020-07-23 03:16:21,14.6784795,74.0265635
541,can,2020-07-20 07:12:19,10.0121738,73.4149069
542,can,2020-07-10 23:42:18,17.6498066,76.4604147
543,can,2020-07-01 10:08:30,14.6718174,76.9310936
544,can,2020-07-12 17:12:11,17.7361728,77.9242826
545,can,2020-07-16 01:50:48,14.1853566,76.2422885
546,can,2020-07-21 12:04:41,16.1116763,72.776045
547,can,2020-07-11 22:03:11,11.9847795,70.1483143
548,can,2020-07-22 22:41:40,13.5024982,71.2066866
549,can,2020-07-24 06:12:20,13.5751847,73.3269758
550,can,2020-07-05 03:07:40,14.8188984,71.7671943
551,can,2020-07-01 18:23:59,15.6213186,76.8066484
552,can,2020-07-01 05:40:38,18.3654131,70.7779866
553,can,2020-07-09 17:21:40,13.0448674,79.6461387
554,can,2020-07-24 21:57:13,16.8289865,78.6610983
555,can,2020-07-28 13:15:18,18.4853174,73.8500476
556,can,2020-07-30 15:08:13,15.478474,79.9228715
557,can,2020-07-17 17:43:00,18.4003178,75.6810415
558,can,2020-07-25 01:33:30,15.4985447,78.3028467
559,can,2020-07-01 08:05:47,18.951128,76.4200841
560,can,2020-07-26 19:29:14,10.5676541,72.6111517
561,can,2020-07-06 18:58:45,14.6992832,75.8781314
562,can,2020-07-26 01:46:43,13.6026895,72.0739865
563,can,2020-07-29 11:05:57,14.4639521,70.3306664
564,can,2020-07-04 03:34:38,17.5853988,75.0249803
565,can,2020-07-28 21:39:01,17.7089087,72.1547796
566,can,2020-07-10 05:39:51,19.712284,74.292404
567,can,2020-07-27 15:47:20,12.3661397,76.9172646
568,can,2020-07-29 10:22:51,19.3814898,78.4502905
569,can,2020-07-21 06:16:04,10.3569158,75.7061679
570,can,2020-07-08 20:18:12,11.8260186,77.0326277
571,can,2020-07-15 00:27:06,12.2355628,71.9986084
572,can,2020-07-22 13:42:03,17.6177757,70.7550534
573,can,2020-07-21 07:30:36,12.7637231,73.0643149
574,can,2020-07-12 00:37:27,15.91834,72.0828001
575,can,2020-07-21 14:22:07,19.8846761,72.8169664
576,can,2020-07-06 00:26:16,10.2744915,72.6634233
577,can,2020-07-13 04:37:28,19.6614273,79.9832772
578,Tom,2020-07-25 06:27:07,10.4146291,70.0278728
579,Tom,2020-07-27 05:35:26,15.8180067,71.4564073
580,Tom,2020-07-11 02:15:24,11.243381,77.7134432
581,Tom,2020-07-19 21:01:15,13.9669669,71.8665661
582,Tom,2020-07-23 03:51:00,15.1214127,70.0620079
583,Tom,2020-07-22 12:21:18,12.5532582,75.402249
584,Tom,2020-07-26 17:38:19,16.9406341,78.4560667
585,Tom,2020-07-14 18:56:25,18.5945234,74.9289412
586,Tom,2020-07-15 13:02:35,15.395604,72.6673013
587,Tom,2020-07-12 17:44:10,10.1072129,72.6113394
588,Tom,2020-07-14 22:15:37,14.3696311,74.8590558
589,Tom,2020-07-20 11:35:43,11.3685683,78.5340155
590,Tom,2020-07-10 15:20:16,10.2603326,75.9833827
591,Tom,2020-07-05 04:18:16,10.1038697,77.0342695
592,Tom,2020-07-21 06:57:35,19.2714297,78.2853932
593,Tom,2020-07-10 13:17:57,10.3397501,77.5018223
594,Tom,2020-07-26 20:32:34,19.1872997,71.7657687
595,Tom,2020-07-24 20:08:22,16.0720891,78.5208536
596,Tom,2020-07-24 22:48:25,11.7691887,70.5555185
597,Tom,2020-07-07 17:51:28,11.2134613,74.9871237
598,Tom,2020-07-16 22:03:32,19.5110037,77.4751257
599,Tom,2020-07-12 00:03:25,19.8534286,76.733417
600,Tom,2020-07-12 14:06:21,11.6473573,78.8823353
601,Tom,2020-07-09 09:53:18,16.4505373,71.4036075
602,Tom,2020-07-25 01:05:50,12.0866544,73.3371379
603,Tom,2020-07-27 03:55:07,17.6307622,79.9779779
604,Tom,2020-07-23 13:53:18,17.4175878,75.7357296
605,Tom,2020-07-23 02:52:19,12.0460569,74.9871955
606,Tom,2020-07-12 13:26:22,10.2886631,79.2387737
607,Tom,2020-07-10 17:38:06,17.2003158,76.1650227
608,Tom,2020-07-16 18:47:51,17.3277219,71.2738803
609,Tom,2020-07-15 08:01:21,16.6324278,70.418434
610,Tom,2020-07-17 15:10:12,13.7649833,75.3354003
611,Tom,2020-07-30 06:33:07,14.3456797,79.7172896
612,Tom,2020-07-08 20:33:18,10.9114804,79.3102274
613,Tom,2020-07-19 20:11:25,10.2487597,70.3517715
614,Tom,2020-07-23 13:41:16,10.0524999,75.3197848
615,Tom,2020-07-10 02:59:29,11.6935872,75.5358046
616,Tom,2020-07-24 09:15:21,13.6917478,75.4100093
617,Tom,2020-07-22 17:14:42,13.9022937,71.3930575
618,Tom,2020-07-07 19:13:52,13.8620119,72.5352104
619,Tom,2020-07-25 00:32:28,15.8643616,79.8106779
620,Tom,2020-07-19 19:28:06,16.3878376,77.5242066
621,Tom,2020-07-14 07:03:59,16.3255637,73.3669236
622,Tom,2020-07-24 02:26:20,16.7651812,71.3860164
623,Tom,2020-07-26 12:46:50,14.9576838,70.8063048
624,baggio,2020-07-18 03:08:53,18.8654759,70.6156053
625,Veria,2020-07-04 20:29:05,14.8809632,71.1315057
626,Veria,2020-07-10 21:19:35,19.9600888,79.2047381
627,Veria,2020-07-13 13:00:29,18.80883,70.2104674
628,Veria,2020-07-17 16:09:42,19.7707162,73.6680765
629,Veria,2020-07-02 04:47:20,19.4446917,79.761327
630,Veria,2020-07-25 07:07:33,15.7866549,78.6141637
631,Veria,2020-07-11 15:40:28,10.5919983,77.5277025
632,Veria,2020-07-18 12:46:27,12.977936,72.2457883
633,Veria,2020-07-24 20:59:58,15.600714,74.369181
634,Veria,2020-07-10 11:26:52,10.7320452,73.642286
635,Veria,2020-07-25 02:49:42,15.4231717,79.9688984
636,Veria,2020-07-29 14:41:02,18.8233419,79.6279285
637,Veria,2020-07-13 08:35:54,18.4644132,76.6122146
638,Veria,2020-07-27 11:02:13,14.512358,72.761298
639,Veria,2020-07-21 23:12:17,10.1590638,75.9053448
640,Veria,2020-07-21 00:13:34,12.4719225,76.2637945
641,Veria,2020-07-06 16:25:33,12.3083727,79.8588448
642,Veria,2020-07-13 18:20:16,16.7932678,70.9945187
643,Willshar,2020-07-16 00:38:37,13.9914544,71.1032603
644,Willshar,2020-07-18 21:31:30,18.4165624,79.1139372
645,Willshar,2020-07-30 18:09:52,19.4310174,78.5629463
646,Willshar,2020-07-10 00:52:14,15.0631756,79.4407991
647,Willshar,2020-07-25 07:04:20,12.4494395,72.1290726
648,Willshar,2020-07-11 07:02:10,17.5177791,78.0322696
649,Willshar,2020-07-03 15:43:34,19.9358206,79.0884515
650,Willshar,2020-07-08 06:33:40,15.1857274,75.5035419
651,Xians,2020-07-03 07:26:05,18.3720685,79.9699829
652,Xians,2020-07-03 15:57:32,19.1603774,76.8006442
653,Xians,2020-07-16 03:21:14,13.9432765,72.88935
654,Xians,2020-07-21 20:27:01,13.0357137,79.3043707
655,Xians,2020-07-26 10:12:09,19.9521274,71.9743236
656,Xians,2020-07-02 05:33:04,18.4599973,75.549363
657,Xians,2020-07-03 18:04:43,13.6614446,70.8291662
658,Xians,2020-07-17 10:49:12,15.0805237,73.0949688
659,Xians,2020-07-21 23:18:47,18.4247575,70.3212095
660,Xians,2020-07-28 06:40:22,16.2310729,78.9386925
661,Yorke,2020-07-13 05:48:57,13.6058297,77.3880587
662,Yorke,2020-07-04 12:35:13,19.4142425,78.1681062
663,Yorke,2020-07-22 04:21:57,17.9055738,76.982624
664,Yorke,2020-07-30 15:24:50,15.6248161,78.4696792
665,Yorke,2020-07-01 07:04:06,17.0385114,78.6733356
666,Yorke,2020-07-04 21:38:30,12.3147105,74.8853746
667,Yorke,2020-07-08 21:08:54,19.1579514,72.93683
668,Yorke,2020-07-02 21:52:59,19.2059907,75.2907769
669,Yorke,2020-07-15 01:40:40,16.8644212,70.7061825
670,Yorke,2020-07-19 15:16:00,14.8108678,75.979297
671,Yorke,2020-07-18 03:21:54,19.2989849,79.0644303
672,Yorke,2020-07-25 14:19:19,18.4098662,78.6734318
673,Yorke,2020-07-11 08:08:03,19.6235295,73.2191801
674,Yorke,2020-07-04 18:04:40,18.5818639,74.7253924
675,Yorke,2020-07-10 12:38:32,17.9461065,70.7039534
676,Yorke,2020-07-18 03:14:57,10.3548307,76.2141638
677,Yorke,2020-07-27 15:20:43,16.4688766,75.3159578
678,Yorke,2020-07-20 03:48:29,17.7019763,71.8897837
679,Yorke,2020-07-19 17:50:44,19.2097895,74.6824185
680,Yorke,2020-07-04 23:42:39,11.192685,73.9170253
681,Yorke,2020-07-19 03:37:39,12.5508019,76.6966516
682,Yorke,2020-07-08 13:59:24,19.129393,73.6143955
683,Yorke,2020-07-26 11:18:45,18.8292489,70.383558
684,Toni,2020-07-28 10:15:31,10.9428324,70.2167948
685,Toni,2020-07-21 02:14:19,14.6294207,71.8883163
686,Toni,2020-07-11 23:17:35,18.6347018,77.8208866
687,Toni,2020-07-10 20:08:58,11.2822558,77.2518333
688,Toni,2020-07-07 10:09:22,18.7254733,76.4003239
689,Toni,2020-07-21 12:39:08,18.4734232,70.3726122
690,Toni,2020-07-19 16:52:30,14.8920118,78.9013192
691,Toni,2020-07-29 10:42:01,10.8975565,79.2341547
692,Toni,2020-07-28 11:22:57,18.6761368,71.7443107
693,Toni,2020-07-18 09:28:35,13.0892858,76.9605514
694,Toni,2020-07-08 18:33:38,18.5817468,79.3762575
695,Toni,2020-07-19 02:11:05,15.2929736,71.9501984
696,Toni,2020-07-14 16:49:20,11.8315482,78.243004
697,Toni,2020-07-02 14:01:14,10.090017,78.0844605
698,Toni,2020-07-18 10:14:20,19.7149395,78.8766913
699,Toni,2020-07-06 15:18:53,10.9626173,75.3452682
700,Toni,2020-07-03 20:06:08,13.563297,77.4890218
701,Toni,2020-07-01 13:23:39,16.425915,72.9898515
702,Toni,2020-07-06 09:22:59,14.3872101,71.3261533
703,Toni,2020-07-11 09:21:52,13.7413184,79.6366843
704,Toni,2020-07-12 18:11:39,16.6704275,71.3400334
705,Toni,2020-07-15 13:53:39,19.1727643,73.3478002
706,Toni,2020-07-21 22:43:08,11.3519622,79.3181838
707,Toni,2020-07-09 16:20:18,15.0411849,73.600839
708,Toni,2020-07-08 09:20:56,16.9670506,70.1353587
709,Modric,2020-07-23 03:38:06,12.2019762,79.376718
710,Modric,2020-07-20 01:30:22,18.296419,73.1775984
711,Modric,2020-07-01 08:27:15,19.6867258,71.0075322
712,Modric,2020-07-27 23:37:33,14.4630393,77.75173
713,Modric,2020-07-15 04:53:20,18.3391381,79.8330885
714,Modric,2020-07-17 21:22:37,11.8046653,75.931919
715,Modric,2020-07-26 15:06:23,13.2179215,78.6082717
716,Modric,2020-07-15 16:52:24,19.8344158,75.5627953
717,Modric,2020-07-16 08:01:17,16.1650941,73.6959967
718,Modric,2020-07-21 11:41:52,11.0003467,72.7781943
719,Modric,2020-07-18 18:52:27,14.1538016,74.6116028
720,Modric,2020-07-27 14:42:08,11.7889125,79.7268278
721,Modric,2020-07-09 02:39:18,16.1721699,73.9808414
722,Modric,2020-07-27 17:49:27,15.4393796,79.6955416
723,Modric,2020-07-30 07:36:16,18.2462487,73.3976765
724,Modric,2020-07-06 17:33:55,17.4046074,77.1863024
725,Modric,2020-07-25 21:37:47,17.8429235,71.2789922
726,Modric,2020-07-13 17:58:27,15.9864459,74.6648404
727,Modric,2020-07-04 10:24:15,11.7779883,70.1989432
728,Modric,2020-07-05 05:15:56,18.7152574,74.0417628
729,Modric,2020-07-07 09:57:13,11.4721187,74.7243478
730,Modric,2020-07-07 18:24:33,15.7537045,76.981534
731,Modric,2020-07-07 09:44:17,15.5358315,75.575503
732,Modric,2020-07-16 20:54:15,10.0047079,72.737206
733,Modric,2020-07-20 14:58:23,19.4272591,73.2516035
734,Modric,2020-07-05 02:58:31,18.4286628,70.0141768
735,Modric,2020-07-19 00:01:01,15.3635645,77.385739
736,Modric,2020-07-24 22:34:39,12.8484327,78.3094348
737,Modric,2020-07-17 17:31:54,16.6938292,71.2923366
738,Modric,2020-07-02 16:54:58,15.6314623,70.1972362
739,Modric,2020-07-01 20:33:50,14.6728077,74.5069007
740,Modric,2020-07-03 13:34:15,19.8470952,75.6881894
741,Modric,2020-07-10 16:41:32,10.5132915,79.9573393
742,Modric,2020-07-02 22:28:57,12.7225483,79.8072769
743,Modric,2020-07-06 00:32:05,11.9227654,73.0959298
744,Theo,2020-07-09 17:52:07,11.9615158,74.8410443
745,Theo,2020-07-25 07:19:59,12.1722129,74.3068839
746,Theo,2020-07-30 01:27:42,18.461566,73.4861033
747,Theo,2020-07-28 03:47:03,19.3812249,72.3212367
748,Theo,2020-07-01 07:01:50,10.9924739,72.403386
749,Theo,2020-07-20 19:52:03,17.8007908,73.9969179
750,Theo,2020-07-16 13:27:29,12.819148,78.6712848
751,Theo,2020-07-16 14:21:19,17.9253098,73.6319354
752,Theo,2020-07-17 03:13:10,16.9770344,78.1852214
753,Theo,2020-07-18 14:25:39,12.8468779,74.1873722
754,Theo,2020-07-20 07:49:26,15.4396725,78.2937352
755,Theo,2020-07-21 01:11:27,13.8307401,71.2899358
756,Theo,2020-07-20 11:06:33,14.7904026,73.0418814
757,Theo,2020-07-01 14:54:57,18.6696664,74.5418173
758,Theo,2020-07-20 15:20:49,18.5443698,73.6841697
759,Theo,2020-07-25 13:27:29,11.7946048,73.5722435
760,Theo,2020-07-11 02:08:02,10.2314157,77.2389875
761,Theo,2020-07-04 00:30:23,16.1294139,75.8636721
762,Theo,2020-07-19 10:34:26,13.8439609,78.9788493
763,Theo,2020-07-10 16:41:50,16.0695259,77.2146317
764,Theo,2020-07-05 10:38:12,16.1277864,71.0205777
765,Theo,2020-07-11 14:53:51,14.0334347,78.9357648
766,Theo,2020-07-13 16:36:53,10.3819792,70.8904176
767,Theo,2020-07-07 08:32:34,13.1300191,79.8133036
768,Theo,2020-07-16 16:05:44,13.6304695,71.2178295
769,Theo,2020-07-10 20:45:16,15.009558,70.7464015
770,Theo,2020-07-06 14:32:43,11.1288261,76.0990003
771,Lewendoski,2020-07-14 19:19:03,10.5893136,73.2721694
772,Lewendoski,2020-07-06 08:51:13,17.7329301,71.165939
773,Lewendoski,2020-07-28 17:13:13,18.0998876,71.616973
774,Lewendoski,2020-07-23 17:53:49,14.5538403,70.4395935
775,Lewendoski,2020-07-16 09:48:29,14.8899953,75.523184
776,Lewendoski,2020-07-19 05:41:57,13.992938,74.2166669
777,Lewendoski,2020-07-12 00:38:15,16.483143,76.2831439
778,Lewendoski,2020-07-22 05:05:05,13.9311252,71.9192712
779,Lewendoski,2020-07-13 15:52:42,11.5514097,71.6976413
780,Lewendoski,2020-07-02 18:19:43,15.1806143,73.4681934
781,Lewendoski,2020-07-10 09:49:56,11.2716929,72.4302437
782,Lewendoski,2020-07-12 06:54:05,15.0420816,75.9797581
783,Lewendoski,2020-07-09 00:29:25,11.0832753,77.6911905
784,Lewendoski,2020-07-16 17:21:53,16.7353014,78.2072692
785,Lewendoski,2020-07-17 17:40:54,18.3428946,74.646621
786,Lewendoski,2020-07-11 15:07:19,17.0356776,70.778444
787,Lewendoski,2020-07-15 13:59:13,16.2394564,75.758491
788,Lewendoski,2020-07-28 11:53:22,14.1981415,76.4039807
789,Lewendoski,2020-07-05 09:13:10,19.3135259,77.4874508
790,Lewendoski,2020-07-05 16:39:59,13.3498791,74.7393022
791,Lewendoski,2020-07-26 13:51:51,15.8120791,79.1581715
792,Lewendoski,2020-07-12 19:37:08,18.2115124,78.5189203
793,Lewendoski,2020-07-17 01:34:17,18.2975366,74.2700546
794,Lewendoski,2020-07-29 17:25:00,13.1496987,75.2540276
795,Lewendoski,2020-07-13 19:15:01,15.0359008,78.5265151
796,Lewendoski,2020-07-18 08:12:55,13.3468979,75.2696162
797,Lewendoski,2020-07-02 02:26:21,11.8206443,74.9584068
798,Lewendoski,2020-07-29 14:09:05,11.3294244,77.9525257
799,Lewendoski,2020-07-27 17:25:09,13.4544102,77.8305012
800,Owen,2020-07-12 21:30:29,15.4250646,71.8911823
801,Owen,2020-07-20 18:02:14,12.2361071,74.3498665
802,Owen,2020-07-24 06:03:06,15.5455355,73.4588273
803,Owen,2020-07-13 13:56:59,11.7202473,79.682421
804,Owen,2020-07-11 00:55:42,11.6356311,72.991571
805,Owen,2020-07-15 04:47:42,12.530671,79.0480912
806,Owen,2020-07-09 14:36:57,12.0831669,76.3927956
807,Owen,2020-07-08 06:21:40,14.2032877,73.6507358
808,Owen,2020-07-04 08:59:35,10.7336473,76.6495688
809,Owen,2020-07-27 08:00:07,16.373392,74.1442205
810,Owen,2020-07-01 07:38:57,11.1074598,71.6106557
811,Owen,2020-07-26 03:46:12,19.9685455,75.4711539
812,Owen,2020-07-20 18:42:45,19.0430309,75.402557
813,Owen,2020-07-12 23:33:33,10.2106665,75.8510001
814,Owen,2020-07-16 10:34:12,12.98943,77.7797515
815,Owen,2020-07-11 04:30:55,19.4079354,79.9927755
816,Owen,2020-07-21 04:36:33,14.81353,77.4744078
817,Owen,2020-07-06 09:41:50,14.8464014,70.1606108
818,Owen,2020-07-12 12:35:52,10.2727686,71.3603982
819,Owen,2020-07-29 18:34:08,17.448398,79.563785
820,Owen,2020-07-08 04:43:41,17.0639723,78.8393553
821,Owen,2020-07-16 22:13:00,19.3832188,77.8426886
822,Owen,2020-07-05 07:09:05,15.3789174,71.0159924
823,Peries,2020-07-21 01:14:26,13.6245159,74.4084119
824,Peries,2020-07-11 16:05:22,15.5700841,71.8790665
825,Peries,2020-07-12 17:39:51,12.5609461,72.9422751
826,Peries,2020-07-13 12:08:14,14.7975197,79.7713217
827,Peries,2020-07-17 08:28:15,13.3594502,70.1938354
828,Peries,2020-07-25 08:54:19,11.0368548,74.3930786
829,Peries,2020-07-21 06:10:05,13.3324141,77.0031084
830,Peries,2020-06-30 21:11:27,13.7478434,72.2093053
831,Peries,2020-07-19 06:46:21,19.8137109,77.3040566
832,Peries,2020-07-02 07:39:26,18.4335647,79.8874829
833,Peries,2020-07-18 12:11:25,12.0951916,78.6126585
834,Peries,2020-07-11 02:46:18,16.7896192,78.7906904
835,Peries,2020-07-06 09:42:20,11.7976428,74.2732998
836,Peries,2020-07-19 04:00:58,16.5874565,78.7008552
837,Peries,2020-07-26 06:47:17,17.2996339,77.0821239
838,Peries,2020-07-09 13:25:54,16.7820652,76.2168832
839,Peries,2020-07-07 13:53:00,13.4549426,70.0150369
840,Peries,2020-07-09 03:10:25,17.2401208,72.0849475
841,Peries,2020-07-16 02:38:41,11.0212414,72.1687167
842,Peries,2020-07-05 19:54:51,19.5812857,74.7698182
843,Peries,2020-07-02 19:45:42,11.0981582,74.8323931
844,Peries,2020-07-04 23:06:28,19.0264336,78.9515012
845,Peries,2020-07-06 02:22:23,12.8287032,73.8807179
846,Peries,2020-07-10 04:57:20,13.5651944,77.6060247
847,Peries,2020-07-03 18:40:06,16.5099097,77.5738893
848,Peries,2020-07-10 05:32:38,10.4700167,75.1186118
849,Peries,2020-07-13 04:43:38,17.1431367,74.7945635
850,Peries,2020-07-20 08:30:12,14.1820787,70.0770913
851,Peries,2020-07-11 00:24:28,18.8987996,71.2170288
852,Peries,2020-07-08 05:55:24,13.3363214,72.7837647
853,Peries,2020-07-11 13:53:09,16.3209916,76.1909011
854,Peries,2020-07-05 14:25:47,10.6149385,78.6066962
855,Peries,2020-07-01 03:21:50,19.9276648,77.6196581
856,Peries,2020-07-09 22:17:33,18.389439,77.7829599
857,Peries,2020-07-26 15:07:00,14.2963987,74.0166007
858,Peries,2020-07-27 14:25:47,14.5922611,77.9646546
859,Peries,2020-07-09 01:46:30,19.8735576,76.8449141
860,Peries,2020-07-08 13:48:46,18.9198505,73.334455
861,Peries,2020-07-01 23:14:57,14.152757,76.0915474
862,Peries,2020-07-16 02:52:47,11.1246694,76.2698693
863,Peries,2020-07-03 08:06:18,18.0760451,72.2259164
864,Romario,2020-07-20 17:11:57,14.1478586,75.8751291
865,Romario,2020-07-10 23:16:03,15.8318189,78.7267098
866,Romario,2020-07-22 09:23:02,17.3146817,71.1104839
867,Romario,2020-07-30 00:30:38,14.9418004,77.2700868
868,Romario,2020-07-15 10:18:38,10.6787126,76.312176
869,Romario,2020-07-16 03:43:38,11.7598511,73.0557973
870,Romario,2020-07-12 09:45:26,11.5737101,73.7171947
871,Romario,2020-07-07 07:50:02,17.8826785,70.5070506
872,Romario,2020-07-16 06:10:57,19.5601445,77.109063
873,Romario,2020-07-29 21:43:23,15.7783472,77.2340452
874,Romario,2020-07-14 18:59:25,11.3046583,79.3695951
875,Romario,2020-07-28 01:58:59,16.6870799,76.1077546
876,Romario,2020-07-22 11:26:34,13.3322265,76.7688388
877,Romario,2020-07-27 18:06:34,17.4293625,79.0173871
878,Romario,2020-07-04 23:50:22,16.993545,79.7281321
879,Romario,2020-07-08 09:14:28,11.8024715,73.9970647
880,Romario,2020-07-15 02:37:53,19.3536894,73.0271215
881,Romario,2020-07-03 06:15:34,16.5509696,77.4569637
882,Romario,2020-07-06 02:18:43,14.0533875,70.031164
883,Romario,2020-07-11 00:19:24,10.3094915,71.3308414
884,Romario,2020-07-17 00:20:08,19.0459847,78.1664687
885,Romario,2020-07-20 16:18:46,11.9676847,76.4791477
886,Romario,2020-07-06 15:01:50,13.9218918,71.0823363
887,Romario,2020-07-07 10:20:37,15.2943845,72.5115495
888,Romario,2020-07-09 20:47:18,10.4966452,75.4017102
889,Romario,2020-07-29 16:32:34,11.6753906,79.9347919
890,Romario,2020-07-11 12:52:02,17.3812439,73.7635425
891,Romario,2020-07-25 20:36:51,17.3076241,73.9547338
892,Romario,2020-07-02 04:23:54,19.6111764,78.379461
893,Romario,2020-07-01 01:02:09,15.0030916,73.8684748
